,Open,High,Low,Close,Adj Close,Volume
2019-01-01,99.49608582154937,101.50610775733824,98.49107485365492,100.5010967894438,100.5010967894438,1064323
2019-01-02,99.39817338350078,101.40621729023816,98.39415143013208,100.40219533686947,100.40219533686947,2237715
2019-01-03,100.03549001594826,102.05640900616945,99.02503052083767,101.04594951105885,101.04594951105885,9040979
2019-01-04,101.49165525058692,103.54199172029575,100.46648701573251,102.51682348544134,102.51682348544134,1954480
2019-01-07,101.3040422212359,103.35058852873561,100.28076906748605,102.32731537498576,102.32731537498576,7681134
2019-01-08,101.11644455008992,103.15920100564729,100.09506632231123,102.1378227778686,102.1378227778686,1854016
2019-01-09,102.62516681198558,104.698402505157,101.58854896539987,103.66178465857129,103.66178465857129,6347417
2019-01-10,103.37450146427297,105.46287523122798,102.33031458079546,104.41868834775048,104.41868834775048,6809701
2019-01-11,102.96675455449525,105.04689101014162,101.92668632667207,104.00682278231844,104.00682278231844,9671370
2019-01-14,103.50572746777465,105.59675226510342,102.46021506911025,104.55123986643903,104.55123986643903,3883427
2019-01-15,103.10364636468687,105.18654831144822,102.06219539130619,104.14509733806754,104.14509733806754,2416012
2019-01-16,102.69940241645502,104.77413781880763,101.6620347152787,103.73677011763132,103.73677011763132,6752810
2019-01-17,102.95717751547349,105.03712049558408,101.91720602541821,103.99714900552878,103.99714900552878,1571650
2019-01-18,101.19880498740922,103.24322529018515,100.17659483602124,102.22101513879718,102.22101513879718,5476576
2019-01-21,99.61663835145151,101.62909569188488,98.61040968123483,100.6228670216682,100.6228670216682,9774533
2019-01-22,99.12206826644875,101.12453429203357,98.12083525365634,100.12330127924116,100.12330127924116,3863793
2019-01-23,98.20603174078208,100.1899919779696,97.21405162218832,99.19801185937584,99.19801185937584,5909047
2019-01-24,98.5314267726715,100.52196064686689,97.5361598355738,99.52669370976919,99.52669370976919,7881289
2019-01-25,97.7134332621695,99.68744201494061,96.72642888578396,98.70043763855506,98.70043763855506,8422212
2019-01-28,96.42370528869274,98.37165893088856,95.44972846759484,97.39768210979065,97.39768210979065,4757974
2019-01-29,97.8261926924124,99.80247941347125,96.83804933188298,98.81433605294183,98.81433605294183,9791689
2019-01-30,97.64641609827335,99.61907096894554,96.66008866293726,98.63274353360944,98.63274353360944,8211179
2019-01-31,97.74101474388979,99.71558069831181,96.75373176667878,98.7282977211008,98.7282977211008,9767500
2019-02-01,96.43964542682014,98.38792109200841,95.46550759422598,97.41378325941427,97.41378325941427,5199591
2019-02-04,95.96182460751226,97.90044732685593,94.9925132478404,96.93113596718409,96.93113596718409,6500545
2019-02-05,96.09701705439798,98.03837093428481,95.12634011445456,97.0676939943414,97.0676939943414,9291923
2019-02-06,95.05173479053119,96.97197185700657,94.0916162572935,96.01185332376888,96.01185332376888,4154240
2019-02-07,95.43461460815845,97.36258662044449,94.47062860201544,96.39860061430147,96.39860061430147,8796324
2019-02-08,94.90416846697435,96.82142439560009,93.94554050266147,95.86279643128722,95.86279643128722,9112074
2019-02-11,94.66272859921169,96.57510695475132,93.70653942144187,95.6189177769815,95.6189177769815,3190222
2019-02-12,94.13128345721157,96.03292554725624,93.18046241218923,95.0821045022339,95.0821045022339,3719269
2019-02-13,95.8954480146293,97.83272979270262,94.92680712559263,96.86408890366596,96.86408890366596,8235574
2019-02-14,95.91425044425584,97.85191206939233,94.9454196316876,96.88308125682408,96.88308125682408,6672354
2019-02-15,94.9562305598836,96.87453824796206,93.99707671584437,95.91538440392283,95.91538440392283,6205597
2019-02-18,95.7571186980302,97.69160594445505,94.78987507481777,96.72436232124262,96.72436232124262,6284958
2019-02-19,94.64649434065856,96.55854473137893,93.69046914529837,95.60251953601875,95.60251953601875,1786667
2019-02-20,94.87330688316368,96.78993934544982,93.91499065202062,95.83162311430675,95.83162311430675,2712503
2019-02-21,93.07153838262299,94.95177148126184,92.13142183330356,94.01165493194242,94.01165493194242,4609736
2019-02-22,91.86049928247706,93.71626694474932,90.93261545134092,92.7883831136132,92.7883831136132,9060833
2019-02-25,92.07608407325189,93.93620698382263,91.14602261796651,93.00614552853726,93.00614552853726,7638155
2019-02-26,92.79832012074412,94.67303365853694,91.86096335184772,93.73567688964053,93.73567688964053,2384418
2019-02-27,92.9900572193466,94.86864423387885,92.05076371208047,93.92935072661272,93.92935072661272,1386594
2019-02-28,92.91330120905961,94.79033759712142,91.9747830150287,93.85181940309052,93.85181940309052,3869760
2019-03-01,92.66305869391745,94.53503967763295,91.7270682020597,93.5990491857752,93.5990491857752,2092501
2019-03-04,91.31138602266462,93.15606048776895,90.38904879011245,92.23372325521679,92.23372325521679,6238331
2019-03-05,90.66942764032844,92.50113324922397,89.75357483588067,91.5852804447762,91.5852804447762,9525631
2019-03-06,90.26994611323126,92.09358138824602,89.35812847572386,91.18176375073864,91.18176375073864,2135964
2019-03-07,91.29027243137928,93.13452035928593,90.36814846742595,92.2123963953326,92.2123963953326,3155748
2019-03-08,91.64314287949722,93.49451950332545,90.7174545675831,92.56883119141133,92.56883119141133,4925282
2019-03-11,90.02531425646673,91.84400747376908,89.11596764781555,90.9346608651179,90.9346608651179,1873172
2019-03-12,90.35991108898533,92.18536383825777,89.44718471434912,91.27263746362155,91.27263746362155,9910852
2019-03-13,90.03110979298661,91.84992009183482,89.1217046435625,90.94051494241072,90.94051494241072,6655378
2019-03-14,89.42930350830805,91.23595610443549,88.52597721024433,90.33262980637177,90.33262980637177,5873594
2019-03-15,90.03293204749247,91.85177915956302,89.12350849145719,90.94235560352774,90.94235560352774,5063309
2019-03-18,91.02882156712359,92.8677876593887,90.10933852099102,91.94830461325614,91.94830461325614,7941245
2019-03-19,91.9314273671803,93.78862792005265,91.00282709074415,92.86002764361648,92.86002764361648,8817304
2019-03-20,91.17779977656913,93.01977552963113,90.25681190003813,92.09878765310013,92.09878765310013,1829735
2019-03-21,90.91997189859852,92.75673900766112,90.00158834406723,91.83835545312982,91.83835545312982,8021862
2019-03-22,91.26128484551435,93.10494716562576,90.33945368545865,92.18311600557006,92.18311600557006,9351245
2019-03-25,92.20529888161998,94.06803219235978,91.27393222625008,93.13666553698988,93.13666553698988,6282591
2019-03-26,91.78847812828874,93.64279081774913,90.86132178355855,92.71563447301894,92.71563447301894,8483058
2019-03-27,91.64622976896374,93.49766875419533,90.72051027634794,92.57194926157953,92.57194926157953,3562469
2019-03-28,90.64272393472318,92.47389007481861,89.72714086467548,91.5583070047709,91.5583070047709,4086176
2019-03-29,89.55514658060679,91.36434146102309,88.65054914039864,90.45974402081494,90.45974402081494,7509590
2019-04-01,90.34666224034771,92.17184733611231,89.43406969246541,91.25925478823001,91.25925478823001,6345854
2019-04-02,91.64680191726643,93.49825246104959,90.72107664537485,92.57252718915801,92.57252718915801,8490200
2019-04-03,91.61086775125027,93.46159235228562,90.68550545073258,92.53623005176794,92.53623005176794,5883680
2019-04-04,92.5810632853543,94.45138779616954,91.64590102994669,93.51622554076192,93.51622554076192,4681262
2019-04-05,92.95078864161286,94.82858235154444,92.01189178664707,93.88968549657865,93.88968549657865,5633078
2019-04-08,92.37873215155044,94.24496916471308,91.44561364496913,93.31185065813176,93.31185065813176,3609089
2019-04-09,92.74823260444902,94.62193427322578,91.81138177006065,93.6850834388374,93.6850834388374,3508749
2019-04-10,94.21843604715284,96.12183879558017,93.26673467293918,95.1701374213665,95.1701374213665,1914228
2019-04-11,94.21635071785072,96.11971133841335,93.2646704075694,95.16803102813203,95.16803102813203,1953959
2019-04-12,95.71144408345128,97.64500861038971,94.74466181998208,96.6782263469205,96.6782263469205,8905477
2019-04-15,93.29220047510755,95.1768913937966,92.34985501576303,94.23454593445207,94.23454593445207,4369538
2019-04-16,94.0924876651907,95.99334600186123,93.14205849685544,95.04291683352596,95.04291683352596,1345266
2019-04-17,94.20534546732154,96.10848375959065,93.25377632118698,95.1569146134561,95.1569146134561,5537358
2019-04-18,93.95706400352942,95.85518650865124,93.00800275096853,94.90612525609033,94.90612525609033,7867100
2019-04-19,94.07433130098475,95.97482284241879,93.12408553026773,95.02457707170177,95.02457707170177,6275034
2019-04-22,92.24646453990611,94.11002948010623,91.31468206980605,93.17824701000617,93.17824701000617,8553974
2019-04-23,92.0723983922641,93.93244684463308,91.14237416607962,93.00242261844859,93.00242261844859,7097091
2019-04-24,92.43789222931129,94.30532439555999,91.50417614618692,93.37160831243564,93.37160831243564,4177993
2019-04-25,93.85183462410576,95.7478312831786,92.90383629456933,94.79983295364218,94.79983295364218,8705092
2019-04-26,93.39844106396704,95.28527825717849,92.4550224673613,94.34185966057277,94.34185966057277,8583354
2019-04-29,92.6735545354872,94.54574755640613,91.73745802502773,93.60965104594666,93.60965104594666,4131209
2019-04-30,92.23560842393694,94.09895404866295,91.30393561157395,93.16728123629994,93.16728123629994,6813365
2019-05-01,93.12336095591229,95.00464097522365,92.18272094625661,94.06400096556797,94.06400096556797,5057893
2019-05-02,93.46232372112732,95.35045147306928,92.51825984515634,94.4063875970983,94.4063875970983,6691276
2019-05-03,92.99818171536667,94.87693286113166,92.05880614248419,93.93755728824917,93.93755728824917,6397662
2019-05-06,93.50975250259722,95.3988384117406,92.56520954802554,94.45429545716891,94.45429545716891,2805468
2019-05-07,93.63199343935719,95.5235488623745,92.68621572784852,94.57777115086584,94.57777115086584,4427975
2019-05-08,94.56955265940076,96.48004867272198,93.61430465274013,95.52480066606137,95.52480066606137,7356228
2019-05-09,93.94423718989098,95.84210056746453,92.9953055011042,94.89316887867776,94.89316887867776,9514716
2019-05-10,93.6691502511739,95.56145631685419,92.72299721833376,94.61530328401405,94.61530328401405,6525633
2019-05-13,93.33377651773597,95.21930735647811,92.3910110983649,94.27654193710704,94.27654193710704,3080154
2019-05-14,91.99614236528762,93.85465029185909,91.0668884020019,92.92539632857336,92.92539632857336,3244702
2019-05-15,92.30458022427464,94.16931921870443,91.37221072705975,93.23694972148954,93.23694972148954,4377778
2019-05-16,92.5802161011832,94.4505234971667,91.64506240319145,93.51536979917495,93.51536979917495,6735193
2019-05-17,92.61642811735095,94.48746706921662,91.68090864141811,93.55194759328378,93.55194759328378,8726890
2019-05-20,92.42840932323334,94.2956499156219,91.49478902703906,93.36202961942762,93.36202961942762,6897498
2019-05-21,91.1358122494983,92.97693976969019,90.21524848940236,92.05637600959425,92.05637600959425,9357956
2019-05-22,90.77374307626343,92.60755606770309,89.85683658054359,91.69064957198326,91.69064957198326,9204298
2019-05-23,90.48457521640366,92.31254643289667,89.57058960815715,91.39856082465016,91.39856082465016,9776957
2019-05-24,89.76550383229238,91.57894835415686,88.85878157136013,90.67222609322462,90.67222609322462,6843493
2019-05-27,89.64605573791187,91.4570871669606,88.74054002338751,90.55157145243624,90.55157145243624,4386501
2019-05-28,90.05545856052342,91.8747607536653,89.14580746395247,90.96510965709436,90.96510965709436,8395350
2019-05-29,91.85134250081946,93.70692517760368,90.92355116242733,92.77913383921157,92.77913383921157,5588334
2019-05-30,92.04608199453759,93.90559880250805,91.11632359055235,92.97584039852282,92.97584039852282,9464685
2019-05-31,92.31843918778073,94.18345816127125,91.38592970103547,93.25094867452599,93.25094867452599,8168362
2019-06-03,92.28022642869168,94.1444734272511,91.34810292941197,93.21234992797139,93.21234992797139,5327819
2019-06-04,90.5167173058612,92.34533785749475,89.60240703004442,91.43102758167798,91.43102758167798,8284953
2019-06-05,90.52334315245982,92.35209755958023,89.60896594889962,91.43772035602002,91.43772035602002,2255564
2019-06-06,90.61111480079839,92.4416423725317,89.69585101493175,91.52637858666505,91.52637858666505,9514493
2019-06-07,92.94681293940256,94.82452633211777,92.00795624304496,93.88566963576017,93.88566963576017,9930264
2019-06-10,92.79829512439557,94.67300815721163,91.86093860798752,93.7356516408036,93.7356516408036,5424507
2019-06-11,93.11180979709695,94.99285645966458,92.17128646581315,94.05233312838077,94.05233312838077,3792427
2019-06-12,93.11076682455948,94.99179241697482,92.1702540283518,94.05127962076715,94.05127962076715,4357679
2019-06-13,92.04894141893739,93.90851599305735,91.11915413187742,92.97872870599737,92.97872870599737,6748035
2019-06-14,93.14943738687292,95.03124420276934,92.2085339789247,94.09034079482113,94.09034079482113,5390020
2019-06-17,93.88427079008477,95.78092272523799,92.93594482250815,94.83259675766138,94.83259675766138,3681719
2019-06-18,94.65567974468237,96.56791569912039,93.69956176746335,95.61179772190138,95.61179772190138,1890695
2019-06-19,93.836410844582,95.73209591214932,92.88856831079835,94.78425337836566,94.78425337836566,1838761
2019-06-20,95.18010028688202,97.10293059570792,94.21868513246906,96.14151544129497,96.14151544129497,8367664
2019-06-21,93.90015036030096,95.79712309485248,92.95166399302518,94.84863672757672,94.84863672757672,9888923
2019-06-24,94.48056148389963,96.38925969569559,93.52621237800166,95.43491058979761,95.43491058979761,6352825
2019-06-25,96.56107821082014,98.51180706356399,95.58571378444823,97.53644263719207,97.53644263719207,9887324
2019-06-26,95.66589762044055,97.59854201681307,94.69957542225427,96.63221981862681,96.63221981862681,4321127
2019-06-27,95.16757614510341,97.0901534409641,94.20628749717308,96.12886479303376,96.12886479303376,3559272
2019-06-28,95.29222478886473,97.21732023914484,94.32967706372469,96.25477251400478,96.25477251400478,3276106
2019-07-01,94.85267098234782,96.76888655774879,93.89456319464733,95.8107787700483,95.8107787700483,7960534
2019-07-02,93.43351272959585,95.32105844130486,92.48973987374134,94.37728558545035,94.37728558545035,8374592
2019-07-03,93.52907936340968,95.41855571418564,92.58434118802171,94.47381753879766,94.47381753879766,7575716
2019-07-04,92.56676310308602,94.43679872133019,91.63174529396395,93.5017809122081,93.5017809122081,3002324
2019-07-05,93.0412194303434,94.9208400248958,92.10140913306721,93.9810297276196,93.9810297276196,7262105
2019-07-08,92.21256150376585,94.07544153414496,91.28112148857629,93.1440015189554,93.1440015189554,7671318
2019-07-09,93.69389492315796,95.58670088120155,92.74749194413616,94.64029790217975,94.64029790217975,1494592
2019-07-10,92.99261974785676,94.87125853064174,92.05330035646426,93.93193913924925,93.93193913924925,4578226
2019-07-11,92.72277198644348,94.59595929930093,91.78617833001476,93.6593656428722,93.6593656428722,7149031
2019-07-12,93.51521505858103,95.40441132239074,92.57061692667617,94.45981319048589,94.45981319048589,3427540
2019-07-15,92.39521674781021,94.26178678311952,91.46193173015557,93.32850176546486,93.32850176546486,2715630
2019-07-16,92.63942546066436,94.51092900532426,91.70367368833442,93.5751772329943,93.5751772329943,1318408
2019-07-17,93.89363649971165,95.79047764111996,92.94521592900749,94.8420570704158,94.8420570704158,9856884
2019-07-18,92.42132547592551,94.28842296028763,91.48777673374444,93.35487421810657,93.35487421810657,9900019
2019-07-19,92.62547201897765,94.49669367592669,91.68986119050312,93.56108284745217,93.56108284745217,4117172
2019-07-22,92.90001108725258,94.77677898800516,91.96162713687629,93.83839503762887,93.83839503762887,7304680
2019-07-23,93.66280530123288,95.55498318610628,92.71671635879619,94.60889424366958,94.60889424366958,5235042
2019-07-24,92.53711339931229,94.40655003364182,91.60239508214751,93.47183171647706,93.47183171647706,2898739
2019-07-25,91.3333048931984,93.17842216376806,90.41074625791357,92.25586352848323,92.25586352848323,2017433
2019-07-26,91.85299000238221,93.70860596202631,90.92518202256018,92.78079798220426,92.78079798220426,9104010
2019-07-29,92.16223647119902,94.02409983425356,91.23130478967177,93.09316815272629,93.09316815272629,5661029
2019-07-30,92.42799160310716,94.2952237567053,91.4943755263081,93.36160767990623,93.36160767990623,4678086
2019-07-31,92.78350933398131,94.65792366396074,91.84630216899161,93.72071649897103,93.72071649897103,2581530
2019-08-01,92.17880057123635,94.04099856257447,91.2477015755673,93.10989956690541,93.10989956690541,3087258
2019-08-02,92.42749366713839,94.29471576142403,91.49388261999559,93.36110471428121,93.36110471428121,5856447
2019-08-05,92.73308042130348,94.60647598537021,91.7963826392701,93.66977820333685,93.66977820333685,9369066
2019-08-06,92.09626033601918,93.95679084785795,91.16599508009979,93.02652559193857,93.02652559193857,7857658
2019-08-07,93.87305019509847,95.76947545156511,92.92483756686515,94.8212628233318,94.8212628233318,1996530
2019-08-08,94.34773149188798,96.25374626950189,93.39472410308103,95.30073888069494,95.30073888069494,3601623
2019-08-09,93.26474082699379,95.14887700531689,92.32267273783224,94.20680891615534,94.20680891615534,7231219
2019-08-12,93.9103503966791,95.80752919257161,92.96176099873284,94.85893979462536,94.85893979462536,5108997
2019-08-13,93.03000123460559,94.90939519894106,92.09030425243786,93.96969821677332,93.96969821677332,4364695
2019-08-14,93.79771759926547,95.69262098510922,92.8502659063436,94.74516929218734,94.74516929218734,2045482
2019-08-15,94.91296839013366,96.83040209498485,93.95425153770806,95.87168524255925,95.87168524255925,6786265
2019-08-16,94.17667978065184,96.07923896813976,93.22540018690788,95.1279593743958,95.1279593743958,6908635
2019-08-19,95.10931018080417,97.030710386477,94.14861007796777,96.07001028364058,96.07001028364058,8487345
2019-08-20,95.52687965288932,97.45671560547295,94.5619616765975,96.49179762918114,96.49179762918114,1570451
2019-08-21,96.32731432382455,98.2733206738008,95.35431114883642,97.30031749881267,97.30031749881267,9408424
2019-08-22,98.1331207864917,100.1156080751077,97.1418771421837,99.1243644307997,99.1243644307997,1967344
2019-08-23,97.9349980827996,99.91348289255312,96.94575567792283,98.92424048767636,98.92424048767636,3412149
2019-08-26,97.26133506115848,99.22621051693945,96.27889733326798,98.24377278904896,98.24377278904896,6398869
2019-08-27,96.46065662233394,98.40935675611846,95.48630655544167,97.4350066892262,97.4350066892262,4352252
2019-08-28,95.72892561529216,97.66284330448997,94.76196677069323,96.69588445989106,96.69588445989106,4732839
2019-08-29,95.68822846197786,97.62132398646226,94.72168069973566,96.65477622422006,96.65477622422006,8022336
2019-08-30,96.03879176619105,97.97896937762926,95.06870296047195,97.00888057191015,97.00888057191015,6768927
2019-09-02,96.32905408570393,98.27509558238482,95.35603333736348,97.30207483404438,97.30207483404438,3878604
2019-09-03,97.13428121212232,99.09658992347832,96.15312685644432,98.11543556780032,98.11543556780032,5327858
2019-09-04,97.17787256024998,99.14106190490149,96.19627788792423,98.15946723257574,98.15946723257574,8433533
2019-09-05,98.56902712932599,100.56032060668612,97.57338039064594,99.56467386800605,99.56467386800605,9652831
2019-09-06,98.35287927150947,100.33980612547936,97.35941584452452,99.34634269849441,99.34634269849441,6984684
2019-09-09,100.92892292416435,102.96789106404647,99.9094388542233,101.94840699410541,101.94840699410541,3694287
2019-09-10,101.5456395683012,103.59706663028709,100.51992603730825,102.57135309929414,102.57135309929414,7511634
2019-09-11,100.77522975709032,102.81109298450629,99.75729814338233,101.7931613707983,101.7931613707983,5621056
2019-09-12,99.80487901478786,101.82113919690478,98.7967489237294,100.81300910584632,100.81300910584632,9976973
2019-09-13,100.2876422308344,102.31365520519469,99.27463574365424,101.30064871801454,101.30064871801454,1703662
2019-09-16,100.11002984237814,102.13245468767872,99.09881741972785,101.12124226502843,101.12124226502843,2305585
2019-09-17,100.80937879448938,102.84593190144876,99.79110224100968,101.82765534796907,101.82765534796907,5092097
2019-09-18,101.28350321413366,103.32963459219697,100.260437525102,102.30656890316531,102.30656890316531,3659440
2019-09-19,101.24680310012155,103.29219306174016,100.22410811931223,102.26949808093086,102.26949808093086,4943645
2019-09-20,100.48608826659193,102.51611025177561,99.4710772740001,101.50109925918377,101.50109925918377,5495013
2019-09-23,99.10043471642499,101.1024637005952,98.09942022433988,100.10144920851009,100.10144920851009,7094467
2019-09-24,98.71416548619541,100.7083910515731,97.71705270350657,99.71127826888426,99.71127826888426,6517366
2019-09-25,99.54672264710494,101.55776754906667,98.54120019612408,100.5522450980858,100.5522450980858,4448678
2019-09-26,99.77842779574101,101.79415360979638,98.77056488871332,100.7862907027687,100.7862907027687,6211593
2019-09-27,98.64451498968707,100.6373334743272,97.648105747367,99.64092423200714,99.64092423200714,9370262
2019-09-30,98.83794774861776,100.83467396576155,97.83958464004587,99.83631085718966,99.83631085718966,5846769
2019-10-01,99.22982611396331,101.23446906576056,98.2275046380647,100.23214758986194,100.23214758986194,8449607
2019-10-02,98.43443957792151,100.42301411484921,97.44015230945764,99.42872684638536,99.42872684638536,5043064
2019-10-03,98.60967215527612,100.6017867442716,97.61361486077838,99.60572944977386,99.60572944977386,3602967
2019-10-04,98.69555277499487,100.68940232600485,97.69862799948986,99.69247755049986,99.69247755049986,4438550
2019-10-07,97.65777598486868,99.63066034819936,96.67133380320334,98.64421816653402,98.64421816653402,1076218
2019-10-08,98.02390106127817,100.00418189079895,97.03376064651778,99.01404147603856,99.01404147603856,7878974
2019-10-09,98.57992228695846,100.57143586851319,97.58416549618111,99.57567907773583,99.57567907773583,1770044
2019-10-10,99.62450421699965,101.63712046380773,98.61819609359561,100.6308123404037,100.6308123404037,6579079
2019-10-11,100.64172463813043,102.67489079243609,99.6251415609776,101.65830771528326,101.65830771528326,4185714
2019-10-14,99.3843957698729,101.39216134098143,98.38051298431861,100.38827855542716,100.38827855542716,2728096
2019-10-15,98.53852458751017,100.52920185190432,97.54318595531309,99.53386321970724,99.53386321970724,9736347
2019-10-16,99.05174911648417,101.05279455318082,98.05122639813584,100.0522718348325,100.0522718348325,9860935
2019-10-17,99.56380495744854,101.5751949565889,98.55810995787834,100.56949995701872,100.56949995701872,8667105
2019-10-18,100.07704110401707,102.09879951015884,99.0661619009462,101.08792030708796,101.08792030708796,3694946
2019-10-21,103.71255385353629,105.80775696168854,102.66495229946017,104.76015540761242,104.76015540761242,5229215
2019-10-22,104.27802884423963,106.38465568957781,103.22471542157055,105.33134226690872,105.33134226690872,2922135
2019-10-23,105.37173600084486,107.50045794025587,104.30737503113936,106.43609697055037,106.43609697055037,8021855
2019-10-24,106.29559703740016,108.44298283613553,105.22190413803249,107.36928993676784,107.36928993676784,1978039
2019-10-25,106.93637741760972,109.09670827453112,105.85621198914902,108.01654284607042,108.01654284607042,9997354
2019-10-28,106.67288356861968,108.82789131748069,105.59537969418918,107.75038744305019,107.75038744305019,8352207
2019-10-29,107.41429905864682,109.58428489821544,106.3293061388625,108.49929197843113,108.49929197843113,1499876
2019-10-30,106.72277895459656,108.87879469105307,105.64477108636832,107.80078682282482,107.80078682282482,2962165
2019-10-31,106.53267270178436,108.68484790788101,105.45658509873603,107.60876030483269,107.60876030483269,8985620
2019-11-01,106.11006208371947,108.2536997015724,105.03824327479302,107.18188089264594,107.18188089264594,1611213
2019-11-04,106.21808080711496,108.3639006214001,105.14517089997238,107.29099071425753,107.29099071425753,1768734
2019-11-05,108.41478467428242,110.60498234446995,107.31968583918865,109.50988350937618,109.50988350937618,8750575
2019-11-06,106.69945748210712,108.85500207770524,105.62168518430805,107.77722977990618,107.77722977990618,5241361
2019-11-07,107.37285643226092,109.54200504705408,106.28828212486434,108.4574307396575,108.4574307396575,6511174
2019-11-08,105.89565047537917,108.03495654558884,104.82599744027432,106.965303510484,106.965303510484,2839433
2019-11-11,105.48560468640807,107.61662700330521,104.42009352795951,106.55111584485664,106.55111584485664,7569632
2019-11-12,106.53570523816336,108.6879417076212,105.45958700343444,107.61182347289228,107.61182347289228,4672214
2019-11-13,106.62726532935949,108.78135149762937,105.55022224522455,107.70430841349443,107.70430841349443,3026580
2019-11-14,105.65050453914252,107.78485816619592,104.58332772561583,106.71768135266922,106.71768135266922,8229039
2019-11-15,105.01279362152894,107.13426419974164,103.95205833242258,106.07352891063529,106.07352891063529,8507324
2019-11-18,105.67996011041753,107.81490879951686,104.61248576586785,106.74743445496719,106.74743445496719,7202258
2019-11-19,105.02815840017136,107.1499393779526,103.96726791128074,106.08904888906198,106.08904888906198,5339235
2019-11-20,105.26207577203061,107.38858235328377,104.19882248140405,106.32532906265719,106.32532906265719,4526737
2019-11-21,105.33613507118113,107.46413779989186,104.27213370682577,106.4001364355365,106.4001364355365,9790529
2019-11-22,104.75801623217092,106.8743397924168,103.69985445204799,105.81617801229386,105.81617801229386,3008960
2019-11-25,106.79502318086017,108.95249839663512,105.7162855729727,107.87376078874765,107.87376078874765,5455214
2019-11-26,107.41945895356108,109.58954903343101,106.33441391362612,108.50450399349604,108.50450399349604,9476563
2019-11-27,105.55644344741656,107.68889685039467,104.4902167459275,106.62267014890561,106.62267014890561,7918889
2019-11-28,105.76229295822989,107.89890493718403,104.69398696875282,106.83059894770696,106.83059894770696,4816446
2019-11-29,105.17464539296641,107.29938570393544,104.11227523748191,106.23701554845093,106.23701554845093,4376513
2019-12-02,106.00349301689533,108.14497772430735,104.93275066318931,107.07423537060134,107.07423537060134,2937878
2019-12-03,105.29354849727868,107.42069089116309,104.22997730033646,106.35711969422088,106.35711969422088,7193956
2019-12-04,105.21764547958811,107.34325447917574,104.15484097979429,106.28044997938193,106.28044997938193,2705215
2019-12-05,105.7214704966878,107.85725777944918,104.65357685530712,106.78936413806849,106.78936413806849,6437149
2019-12-06,106.56278021477216,108.71556365345442,105.48638849543103,107.63917193411329,107.63917193411329,8271476
2019-12-09,105.47137702380518,107.60211191317497,104.40600957912027,106.53674446849007,106.53674446849007,7429611
2019-12-10,105.189892376503,107.31494070734144,104.12736821108376,106.25241654192222,106.25241654192222,4266402
2019-12-11,104.77702762368469,106.89373525244599,103.71867380930404,105.83538143806534,105.83538143806534,9121849
2019-12-12,104.19729147836243,106.30228726580411,103.1447935846416,105.24978937208327,105.24978937208327,9104789
2019-12-13,105.88023552912664,108.01923018628072,104.81073820054961,106.94973285770368,106.94973285770368,5108880
2019-12-16,106.2905091304855,108.4377921432226,105.21686762411697,107.36415063685405,107.36415063685405,6499593
2019-12-17,105.14242858708212,107.26651805348783,104.08038385387927,106.20447332028498,106.20447332028498,5261946
2019-12-18,106.03248219611733,108.17455254351363,104.96144702241916,107.10351736981548,107.10351736981548,1090093
2019-12-19,108.04910739794757,110.23191764841114,106.95770227271576,109.14051252317935,109.14051252317935,2732465
2019-12-20,109.04636805993489,111.24932499043864,107.94488959468303,110.14784652518676,110.14784652518676,4173584
2019-12-23,107.65648365685601,109.83136211457028,106.56904442799888,108.74392288571315,108.74392288571315,3859244
2019-12-24,107.23492961977868,109.40129183431966,106.15174851250819,108.31811072704917,108.31811072704917,1886040
2019-12-25,108.45150551821555,110.64244502363405,107.3560357655063,109.5469752709248,109.5469752709248,1322918
2019-12-26,107.82093614596675,109.99913687618832,106.73183578085599,108.91003651107754,108.91003651107754,3245909
2019-12-27,108.26754095866491,110.4547640083349,107.17392943382991,109.36115248349991,109.36115248349991,1116739
2019-12-30,109.02361030574755,111.22610748364144,107.92236171680061,110.1248588946945,110.1248588946945,2014929
2019-12-31,108.18793057884078,110.3735453380093,107.09512319925653,109.28073795842504,109.28073795842504,3420564
2020-01-01,108.16367543742875,110.34880019374044,107.0711130592729,109.2562378155846,109.2562378155846,9577064
2020-01-02,105.16302135123104,107.28752683307408,104.1007686103095,106.22527409215256,106.22527409215256,3653093
2020-01-03,104.23617413849976,106.34195543422703,103.18328349063613,105.2890647863634,105.2890647863634,4303457
2020-01-06,104.03133478403376,106.13297791098393,102.98051322055866,105.08215634750884,105.08215634750884,6888997
2020-01-07,102.89550951627956,104.97420667822459,101.85616093530703,103.93485809725208,103.93485809725208,7944121
2020-01-08,104.45399694631456,106.56417870280578,103.39890606806897,105.50908782456017,105.50908782456017,7238795
2020-01-09,103.14758250292545,105.23137204843908,102.10568773016861,104.18947727568226,104.18947727568226,5767348
2020-01-10,102.76736614762928,104.84347455465209,101.72931194411787,103.80542035114068,103.80542035114068,1716756
2020-01-13,102.92109757021012,105.0003116625376,101.88149052404638,103.96070461637386,103.96070461637386,9439834
2020-01-14,104.30078263706996,106.40786915499056,103.24723937810965,105.35432589603026,105.35432589603026,7790968
2020-01-15,102.98901662731956,105.06960282181086,101.9487235300739,104.02930972456521,104.02930972456521,4751198
2020-01-16,104.10854077089968,106.21174361475624,103.0569393489714,105.16014219282796,105.16014219282796,8369434
2020-01-17,104.14954198277923,106.25357313394647,103.09752640719559,105.20155755836285,105.20155755836285,4138145
2020-01-20,103.26280643909062,105.34892374089044,102.21974778819072,104.30586508999053,104.30586508999053,2226476
2020-01-21,103.72651528343019,105.82200044067122,102.67877270480969,104.7742578620507,104.7742578620507,5184056
2020-01-22,103.9441566498724,106.04403860239508,102.89421567361106,104.99409762613374,104.99409762613374,9960820
2020-01-23,103.4141050985262,105.50327893890046,102.36951817833906,104.45869201871334,104.45869201871334,2500844
2020-01-24,103.51083087291859,105.60195876934118,102.46526692470728,104.55639482112989,104.55639482112989,4443609
2020-01-27,103.18181318915882,105.26629426368729,102.13957265189458,104.22405372642305,104.22405372642305,9752084
2020-01-28,103.31943293143624,105.4066942027784,102.27580229576517,104.36306356710732,104.36306356710732,2400283
2020-01-29,103.97025963472483,106.07066892027483,102.92005499194983,105.02046427749983,105.02046427749983,6927613
2020-01-30,105.4853467811463,107.61636388783613,104.41983822780139,106.55085533449122,106.55085533449122,1691757
2020-01-31,104.35884590290043,106.46710541609035,103.30471614630548,105.41297565949539,105.41297565949539,1390719
2020-02-03,106.38564629185257,108.53485126744556,105.31104380405608,107.46024877964906,107.46024877964906,7854453
2020-02-04,104.59097076815583,106.70391967256303,103.53449631595224,105.64744522035943,105.64744522035943,4337920
2020-02-05,104.48041014028135,106.59112549665068,103.42505246209669,105.53576781846601,105.53576781846601,4296050
2020-02-06,105.06218714391514,107.18465557106495,104.00095293034025,106.12342135749005,106.12342135749005,3118324
2020-02-07,105.35647294978439,107.48488654472952,104.29226615231181,106.42067974725695,106.42067974725695,7827299
2020-02-10,104.80538973897903,106.9226703397665,103.74674943858531,105.86403003937276,105.86403003937276,7247794
2020-02-11,104.64212783913011,106.7561102197186,103.58513664883586,105.69911902942435,105.69911902942435,8917596
2020-02-12,104.21237273536676,106.3176731946671,103.15972250571659,105.26502296501693,105.26502296501693,5902666
2020-02-13,103.69247293086796,105.78727036381478,102.64507421439454,104.73987164734137,104.73987164734137,1876031
2020-02-14,104.51867203924505,106.63016036327019,103.46292787723246,105.57441620125762,105.57441620125762,7232739
2020-02-17,101.91407505644568,103.9729452596062,100.88463995486542,102.94351015802594,102.94351015802594,2270896
2020-02-18,98.32731298308532,100.31372334637997,97.334107801438,99.32051816473265,99.32051816473265,2059622
2020-02-19,96.23028311678618,98.17432924035762,95.25826005500046,97.2023061785719,97.2023061785719,5422375
2020-02-20,93.57917873433844,95.46966719361801,92.63393450469866,94.52442296397822,94.52442296397822,1378165
2020-02-21,91.40100898664794,93.24749401668124,90.4777664716313,92.32425150166459,92.32425150166459,5131479
2020-02-24,89.05143145831347,90.85045027565313,88.15192204964363,89.9509408669833,89.9509408669833,1415008
2020-02-25,85.33736664022669,87.06135384507976,84.47537303780017,86.19936024265323,86.19936024265323,2631993
2020-02-26,81.87476709582693,83.52880279473253,81.04774924637412,82.70178494527973,82.70178494527973,4351278
2020-02-27,79.63526049052336,81.24405363174606,78.83086391991202,80.43965706113471,80.43965706113471,3342035
2020-02-28,77.26766729434671,78.82863026999009,76.48718580652503,78.0481487821684,78.0481487821684,8978450
2020-03-02,74.30954321740471,75.8107461106856,73.55894177076425,75.06014466404515,75.06014466404515,6703394
2020-03-03,71.48072710577287,72.92478219881878,70.7586995592499,72.20275465229582,72.20275465229582,8240947
2020-03-04,69.73736272627362,71.14619833690541,69.03294492095772,70.44178053158952,70.44178053158952,3768362
2020-03-05,66.24539870133621,67.5836895841915,65.57625325990858,66.91454414276386,66.91454414276386,2170365
2020-03-06,63.81861612182748,65.10788109398561,63.17398363574842,64.46324860790655,64.46324860790655,6931161
2020-03-09,60.69090113593037,61.916979946757245,60.07786173051693,61.303940541343806,61.303940541343806,7790593
2020-03-10,57.548697198236006,58.71129714163471,56.96739722653665,58.12999716993536,58.12999716993536,5851188
2020-03-11,55.63798983885937,56.761989633583795,55.07598994149715,56.19998973622158,56.19998973622158,3721864
2020-03-12,53.471564097300124,54.551797715427405,52.93144728823649,54.011680906363765,54.011680906363765,4947208
2020-03-13,51.294000077354504,52.330242503159646,50.77587886445193,51.812121290257075,51.812121290257075,7984720
2020-03-16,49.57665455697579,50.578203133884394,49.07588026852149,50.07742884543009,50.07742884543009,8733308
2020-03-17,46.65773142559076,47.60031185843098,46.18644120917065,47.12902164201087,47.12902164201087,4875754
2020-03-18,44.35710113566547,45.25320418891123,43.90904960904258,44.80515266228835,44.80515266228835,3704999
2020-03-19,41.12828692450242,41.959161407825704,40.712849682840776,41.54372416616406,41.54372416616406,6298217
2020-03-20,38.4929608232804,39.27059639546788,38.10414303718665,38.88177860937414,38.88177860937414,2324070
2020-03-23,35.43264550358323,36.14845652385765,35.07473999344603,35.79055101372044,35.79055101372044,8364386
2020-03-24,37.53481012127323,38.29308911362218,37.15567062509875,37.913949617447706,37.913949617447706,6787749
2020-03-25,40.10298551610739,40.91314683966511,39.69790485432852,40.50806617788625,40.50806617788625,2661793
2020-03-26,41.34899967291057,42.184332999636034,40.931333009547835,41.7666663362733,41.7666663362733,7576651
2020-03-27,45.31777717795367,46.233287828013346,44.860021852923836,45.77553250298351,45.77553250298351,7867218
2020-03-30,46.38811464652652,47.325248275749274,45.91954783191514,46.856681461137896,46.856681461137896,8466027
2020-03-31,47.26371582401894,48.21853836591831,46.78630455306925,47.741127094968625,47.741127094968625,5987696
2020-04-01,50.358513191269566,51.3758568921033,49.849841340852706,50.86718504168643,50.86718504168643,1428988
2020-04-02,53.11051218568694,54.183451825801825,52.574042365629495,53.646982005744384,53.646982005744384,5084752
2020-04-03,55.70578117353867,56.831150490175816,55.143096515220094,56.26846583185724,56.26846583185724,5374857
2020-04-06,58.30500313617729,59.482881987413194,57.71606371055934,58.89394256179524,58.89394256179524,3977590
2020-04-07,60.30497531611912,61.523257645737694,59.69583415130984,60.914116480928406,60.914116480928406,8599600
2020-04-08,61.47705645525487,62.71901719172466,60.856076087019964,62.098036823489764,62.098036823489764,7610734
2020-04-09,63.55939731565969,64.84342554425888,62.917383201360096,64.20141142995928,64.20141142995928,4297291
2020-04-10,64.93736679023984,66.24923278600225,64.28143379235863,65.59329978812104,65.59329978812104,5894287
2020-04-13,67.8609828866697,69.23191183387515,67.17551841306697,68.54644736027242,68.54644736027242,8954647
2020-04-14,69.73484485548687,71.14362960004217,69.03045248320923,70.43923722776452,70.43923722776452,3490706
2020-04-15,70.97405210984867,72.40787134439107,70.25714249257747,71.69096172711987,71.69096172711987,8542535
2020-04-16,72.68483641635157,74.15321695001523,71.95064614951974,73.4190266831834,73.4190266831834,9047252
2020-04-17,75.08254670105309,76.59936582632689,74.32413713841619,75.84095626368999,75.84095626368999,6254224
2020-04-20,76.56663233501244,78.11343298824501,75.79323200839615,77.34003266162873,77.34003266162873,7215140
2020-04-21,77.80890491263443,79.38080198157655,77.02295637816339,78.59485344710549,78.59485344710549,4737973
2020-04-22,80.04829362752781,81.66543087252839,79.23972500502754,80.8568622500281,80.8568622500281,3202575
2020-04-23,82.2888791348175,83.95128073350068,81.4576783354759,83.1200799341591,83.1200799341591,7611653
2020-04-24,83.82608159368726,85.51953778749913,82.97935349678133,84.6728096905932,84.6728096905932,1464071
2020-04-27,85.39687169636412,87.12206102356339,84.53427703276448,86.25946635996375,86.25946635996375,5381137
2020-04-28,87.62537418269856,89.39558376214701,86.74026939297433,88.51047897242279,88.51047897242279,5912216
2020-04-29,88.28217477748493,90.06565305581796,87.39043563831841,89.17391391665144,89.17391391665144,8597626
2020-04-30,88.97697437210303,90.77448900588288,88.0782170552131,89.87573168899296,89.87573168899296,4498472
2020-05-01,90.31632562463788,92.14089785947907,89.4040395072173,91.22861174205848,91.22861174205848,9369689
2020-05-04,92.12808248154154,93.98925586500702,91.1974957898088,93.05866917327428,93.05866917327428,2564718
2020-05-05,94.43035328808006,96.33803719288974,93.4765113356752,95.3841952404849,95.3841952404849,6139743
2020-05-06,97.82192164123317,99.79812207842981,96.83382142263486,98.8100218598315,98.8100218598315,4813270
2020-05-07,100.63565825973623,102.66870186094303,99.61913645913283,101.65218006033963,101.65218006033963,5806425
2020-05-08,102.49747040274084,104.56812637047298,101.46214241887478,103.53279838660691,103.53279838660691,7609876
2020-05-11,104.49111003294794,106.60204154876507,103.43564427503938,105.54657579085651,105.54657579085651,3378837
2020-05-12,105.56471040899704,107.69733082130001,104.49840020284556,106.63102061514853,106.63102061514853,7123769
2020-05-13,107.55882064389507,109.73172611144852,106.47236791011836,108.6452733776718,108.6452733776718,2524102
2020-05-14,109.30022000723461,111.50830525990601,108.1961773808989,110.40426263357031,110.40426263357031,3383366
2020-05-15,111.61353955136966,113.8683585322054,110.48613006095178,112.74094904178753,112.74094904178753,3035848
2020-05-18,112.85112495139744,115.13094565748627,111.71121459835301,113.99103530444185,113.99103530444185,6122930
2020-05-19,115.34838248844777,117.67865284174975,114.18324731179678,116.51351766509876,116.51351766509876,9593223
2020-05-20,118.79363017727287,121.19350149398547,117.59369451891658,119.99356583562917,119.99356583562917,7691409
2020-05-21,120.70331775501661,123.14176861875431,119.48409232314775,121.92254318688546,121.92254318688546,1838003
2020-05-22,123.09053240582342,125.5772098281633,121.8471936946535,124.33387111699336,124.33387111699336,4433382
2020-05-25,125.74756450481776,128.28791934329894,124.47738708557718,127.01774192405834,127.01774192405834,9670178
2020-05-26,127.38366654280964,129.9570739477149,126.09696284035701,128.67037024526226,128.67037024526226,4395049
2020-05-27,129.6047251313004,132.2230024066802,128.2955864936105,130.9138637689903,130.9138637689903,1066150
2020-05-28,131.62793341603938,134.2870835860604,130.29835833102888,132.9575085010499,132.9575085010499,8951632
2020-05-29,133.7307342728741,136.4323652682857,132.3799187751683,135.0815497705799,135.0815497705799,8429645
2020-06-01,135.01904151122758,137.74669891549482,133.65521280909397,136.3828702133612,136.3828702133612,7081687
2020-06-02,135.07339842102158,137.8021539446786,133.70902065919307,136.4377761828501,136.4377761828501,9948331
2020-06-03,135.57068550518258,138.30948723256003,134.20128464149388,136.9400863688713,136.9400863688713,3547500
2020-06-04,136.95960388083904,139.72646456530043,135.57617353860834,138.34303422306974,138.34303422306974,5193060
2020-06-05,137.8883939255973,140.67401804530635,136.4955818657428,139.28120598545183,139.28120598545183,1134055
2020-06-08,139.9340430173199,142.76099338130618,138.52056783532677,141.34751819931304,141.34751819931304,2841648
2020-06-09,139.2476470486243,142.06073082738436,137.84110515924422,140.65418893800432,140.65418893800432,8132508
2020-06-10,140.09509848919203,142.9253024990747,138.6799964842507,141.51020049413336,141.51020049413336,7437845
2020-06-11,140.2980365529545,143.13234032170107,138.88088466858122,141.71518843732778,141.71518843732778,4828433
2020-06-12,142.37794271071107,145.25426478567493,140.93978167322913,143.816103748193,143.816103748193,3735264
2020-06-15,141.65323889437983,144.51492048820566,140.22239809746688,143.08407969129274,143.08407969129274,5448748
2020-06-16,140.89913953251173,143.74558679579482,139.4759159008702,142.32236316415327,142.32236316415327,8152747
2020-06-17,140.3698590186722,143.20561374632214,138.95198165484723,141.78773638249717,141.78773638249717,5137270
2020-06-18,138.41446369789162,141.21071548976823,137.0163378019533,139.81258959382993,139.81258959382993,5317922
2020-06-19,137.95406838805894,140.74101926458536,136.5605929497957,139.34754382632215,139.34754382632215,9847905
2020-06-22,137.2753571479761,140.0485966863191,135.88873737880465,138.6619769171476,138.6619769171476,8465373
2020-06-23,137.4474734023218,140.22419003671217,136.05911508512665,138.835831719517,138.835831719517,2020154
2020-06-24,137.79860172652425,140.58241186241364,136.40669665857956,139.19050679446894,139.19050679446894,9070924
2020-06-25,139.5851169561886,142.4050183088389,138.17516627986348,140.99506763251375,140.99506763251375,7843532
2020-06-26,140.50563097932726,143.34412857486925,139.08638218155627,141.92487977709825,141.92487977709825,5945169
2020-06-29,139.99738806243676,142.82561812430419,138.58327303150307,141.41150309337047,141.41150309337047,7733215
2020-06-30,139.18838378506047,142.00027032617282,137.78244051450432,140.59432705561665,140.59432705561665,9195810
2020-07-01,139.6799840832825,142.50180194355082,138.26907515314832,141.09089301341666,141.09089301341666,8904294
2020-07-02,138.47638456506746,141.27388728355368,137.07763320582436,139.87513592431057,139.87513592431057,8185197
2020-07-03,140.22107334599986,143.05382230248472,138.80469886775745,141.6374478242423,141.6374478242423,9171548
2020-07-06,141.35582341502246,144.21149661532596,139.9279868148707,142.7836600151742,142.7836600151742,7714301
2020-07-07,140.9483559594122,143.79579749394577,139.5246351921454,142.37207672667898,142.37207672667898,8969693
2020-07-08,139.37721215687344,142.19291341256786,137.96936152902623,140.78506278472065,140.78506278472065,2859582
2020-07-09,140.67513698289937,143.51705894214987,139.25417600327413,142.09609796252462,142.09609796252462,8744064
2020-07-10,140.5994178735105,143.43981015378347,139.17922173337405,142.019614013647,142.019614013647,3129885
2020-07-13,141.78877665528137,144.6531963856911,140.3565667900765,143.22098652048624,143.22098652048624,5720642
2020-07-14,140.32867862743626,143.16360142799056,138.91121722715914,141.7461400277134,141.7461400277134,1549239
2020-07-15,139.79941459876792,142.62364519672283,138.38729929979047,141.21152989774538,141.21152989774538,9945309
2020-07-16,139.83574845239298,142.66071306759284,138.42326614479305,141.2482307599929,141.2482307599929,6408753
2020-07-17,139.91112558734733,142.73761297295033,138.49788189454586,141.32436928014883,141.32436928014883,4047569
2020-07-20,139.52153498087634,142.34015184917686,138.11222654672608,140.9308434150266,140.9308434150266,1785332
2020-07-21,140.13561603975268,142.96663858601033,138.72010476662388,141.5511273128815,141.5511273128815,9555080
2020-07-22,139.1683261935917,141.97980753083598,137.76258552496955,140.57406686221384,140.57406686221384,1397710
2020-07-23,139.06656415713735,141.8759896956654,137.66185138787336,140.47127692640137,140.47127692640137,7503216
2020-07-24,139.21052472930307,142.0228585622183,137.80435781284547,140.61669164576068,140.61669164576068,5317048
2020-07-27,139.72319131768762,142.54588205137827,138.3118459508423,141.13453668453295,141.13453668453295,4188729
2020-07-28,140.4203086165126,143.25708252795732,139.00192166079026,141.83869557223497,141.83869557223497,5785956
2020-07-29,139.3996771679166,142.21583226221793,137.99159962076592,140.80775471506726,140.80775471506726,6105724
2020-07-30,137.99600012050192,140.78379810273427,136.60210112938572,139.3898991116181,139.3898991116181,6025764
2020-07-31,139.22264689742627,142.0352256226268,137.816357534826,140.62893626002653,140.62893626002653,8996198
2020-08-03,139.5649426226232,142.38443641297923,138.15519572744518,140.9746895178012,140.9746895178012,1910775
2020-08-04,138.8961904286751,141.70217407369884,137.49319860616325,140.29918225118698,140.29918225118698,6954878
2020-08-05,140.37866283909304,143.21459542170098,138.96069654778907,141.796629130397,141.796629130397,6927997
2020-08-06,140.5183006434444,143.35705419179683,139.0989238692682,141.93767741762062,141.93767741762062,1558924
2020-08-07,141.6529170006455,144.5145920915676,140.22207945518443,143.08375454610655,143.08375454610655,4881185
2020-08-10,141.7475065505043,144.61109254142357,140.31571355504465,143.17929954596394,143.17929954596394,6004998
2020-08-11,143.70668664292927,146.60985202965512,142.25510394956635,145.1582693362922,145.1582693362922,6166650
2020-08-12,145.38016999361022,148.31714312479428,143.9116834280182,146.84865655920225,146.84865655920225,6693075
2020-08-13,145.17870204717303,148.1116051188331,143.712250511343,146.64515358300307,146.64515358300307,9109916
2020-08-14,146.11899839221127,149.07089734962966,144.64304891350204,147.59494787092046,147.59494787092046,6193278
2020-08-17,146.75415168581733,149.71888202290458,145.27178651727374,148.23651685436096,148.23651685436096,1431413
2020-08-18,148.06588316807753,151.05711313106897,146.57026818658179,149.56149814957325,149.56149814957325,5165100
2020-08-19,147.1946624410069,150.1682919852697,145.70784766887553,148.6814772131383,148.6814772131383,1863561
2020-08-20,147.8678661318109,150.85509575063537,146.37425132239866,149.36148094122314,149.36148094122314,1302186
2020-08-21,148.88941066538504,151.89727754751405,147.38547722432057,150.39334410644955,150.39334410644955,4207393
2020-08-24,147.27560515502623,150.2508699056328,145.78797277972294,148.76323753032952,148.76323753032952,6489464
2020-08-25,146.20014026802562,149.15367845525844,144.72337117440918,147.67690936164203,147.67690936164203,8456985
2020-08-26,144.32394448381308,147.2395797259103,142.86612686276445,145.78176210486168,145.78176210486168,7767528
2020-08-27,144.103353180032,147.01453203215385,142.64776375397108,145.55894260609293,145.55894260609293,2026553
2020-08-28,144.80601531588064,147.7313893626661,143.3433282924879,146.26870233927337,146.26870233927337,9533879
2020-08-31,146.24284192619047,149.1972427731842,144.7656415026936,147.72004234968733,147.72004234968733,4743797
2020-09-01,146.34358335433842,149.3000193816988,144.86536534065823,147.8218013680186,147.8218013680186,2514542
2020-09-02,147.8985199963978,150.88636888521393,146.40459555198973,149.39244444080586,149.39244444080586,7357718
2020-09-03,146.63891599995156,149.60131834338495,145.1577148282349,148.12011717166826,148.12011717166826,5180656
2020-09-04,145.07689490747066,148.00774126923773,143.6114717265871,146.5423180883542,146.5423180883542,9465506
2020-09-07,145.05636071346686,147.98679224303186,143.59114494868436,146.52157647824936,146.52157647824936,7846192
2020-09-08,145.44706794504373,148.3853925499941,143.97790564256854,146.9162302475189,146.9162302475189,9676924
2020-09-09,145.44791181971922,148.38625347264284,143.97874099325742,146.91708264618103,146.91708264618103,8347689
2020-09-10,143.5453267231966,146.44523231356422,142.0953739280128,144.9952795183804,144.9952795183804,2829553
2020-09-11,143.49338687792186,146.39224317848596,142.04395872763982,144.9428150282039,144.9428150282039,4041341
2020-09-14,142.304533709246,145.17937277407927,140.86711417682938,143.74195324166263,143.74195324166263,2039504
2020-09-15,142.96241554989263,145.85054515696118,141.51835074635835,144.4064803534269,144.4064803534269,7666455
2020-09-16,143.33678287572914,146.23247545907722,141.8889365840551,144.78462916740318,144.78462916740318,8663589
2020-09-17,142.4889895560329,145.36755500160933,141.0497068332447,143.9282722788211,143.9282722788211,8918348
2020-09-18,142.03971511690656,144.90920431118752,140.6049705197661,143.47445971404704,143.47445971404704,5988023
2020-09-21,141.08028961383775,143.93039647472335,139.65523618339495,142.50534304428055,142.50534304428055,8635836
2020-09-22,141.05308426714168,143.90264152506376,139.62830563818068,142.47786289610272,142.47786289610272,8809006
2020-09-23,141.9780122515175,144.84625492326535,140.5438909156436,143.41213358739142,143.41213358739142,2675843
2020-09-24,141.08733149450023,143.93758061560123,139.6622069339497,142.51245605505073,142.51245605505073,9423309
2020-09-25,141.59027646306316,144.45068608857957,140.16007165030493,143.02048127582137,143.02048127582137,4229028
2020-09-28,141.12566914480576,143.97669276389271,139.70015733526225,142.55118095434923,142.55118095434923,8056993
2020-09-29,140.41539525476614,143.25206990637756,138.9970579289604,141.83373258057185,141.83373258057185,2721610
2020-09-30,140.34670098404405,143.1819878726106,138.92905753976078,141.76434442832732,141.76434442832732,3339767
2020-10-01,139.40969962886817,142.2260571971281,138.00152084473817,140.81787841299814,140.81787841299814,3614235
2020-10-02,138.92321027467625,141.72973977517478,137.51994552442702,140.32647502492551,140.32647502492551,1491036
2020-10-05,137.8340695122605,140.61859616907384,136.44180618385383,139.22633284066717,139.22633284066717,9715912
2020-10-06,139.70342392487913,142.52571531730092,138.29227822866824,141.11456962109003,141.11456962109003,7046914
2020-10-07,139.76784021165528,142.5914329432039,138.356043845881,141.1796365774296,141.1796365774296,3710241
2020-10-08,139.14470211045702,141.95570619349658,137.73920006893727,140.5502041519768,140.5502041519768,2142953
2020-10-09,139.37630077226876,142.191983616153,137.96845935032667,140.7841421942109,140.7841421942109,4961352
2020-10-12,139.30265071373614,142.11684567765,137.8955532317792,140.70974819569307,140.70974819569307,4978702
2020-10-13,139.12737060602407,141.93802455766095,137.72204363020566,140.5326975818425,140.5326975818425,9168984
2020-10-14,139.73332883042892,142.5562243623568,138.321881064465,141.14477659639286,141.14477659639286,1326916
2020-10-15,140.47337713286794,143.31122313555215,139.05445413152583,141.89230013421005,141.89230013421005,4597706
2020-10-16,140.00854200224518,142.83699739622995,138.59431430525282,141.42276969923756,141.42276969923756,5506554
2020-10-19,139.50131444993468,142.31952282266064,138.0922102635717,140.91041863629766,140.91041863629766,1605409
2020-10-20,139.27544259119682,142.08908789606951,137.8686199387605,140.68226524363317,140.68226524363317,7849486
2020-10-21,137.15351122327866,139.92428922778936,135.76812222102333,138.538900225534,138.538900225534,6050405
2020-10-22,135.76753602616012,138.5103145317391,134.39614677337062,137.1389252789496,137.1389252789496,9337735
2020-10-23,137.07762363019597,139.8468685520181,135.69300116928488,138.46224609110703,138.46224609110703,2725690
2020-10-26,138.6478571051275,141.44882391533213,137.24737370002524,140.04834051022982,140.04834051022982,4280772
2020-10-27,138.44632190731429,141.24321729938126,137.0478742112808,139.84476960334777,139.84476960334777,9197295
2020-10-28,139.01709764927827,141.8255238644152,137.6128845417098,140.42131075684674,140.42131075684674,6809041
2020-10-29,139.33968893478115,142.15463214558483,137.9322173293793,140.747160540183,140.747160540183,6087268
2020-10-30,142.2512937227191,145.12505723226897,140.81441196794415,143.68817547749404,143.68817547749404,7155579
2020-11-02,143.3300421590996,146.22559856635417,141.88226395547235,144.77782036272689,144.77782036272689,1403119
2020-11-03,143.2418086755229,146.13558258815974,141.7949217192045,144.6886956318413,144.6886956318413,9212420
2020-11-04,142.37936540775186,145.25571622407008,140.94118999959275,143.81754081591097,143.81754081591097,1402732
2020-11-05,140.9080243779674,143.75465113307783,139.48471100041215,142.3313377555226,142.3313377555226,1506079
2020-11-06,141.12978546351601,143.98089224055676,139.70423207499564,142.55533885203639,142.55533885203639,2950013
2020-11-09,140.45367660058707,143.29112461272013,139.03495259452052,141.8724006066536,141.8724006066536,2132658
2020-11-10,139.1546407717777,141.96584563585404,137.74903833973954,140.56024320381587,140.56024320381587,2985209
2020-11-11,138.5812249340557,141.38084563979422,137.18141458118646,139.98103528692496,139.98103528692496,5322626
2020-11-12,137.60090637046406,140.38072266077646,136.21099822530786,138.99081451562026,138.99081451562026,1656951
2020-11-13,139.21059194939815,142.02292714029508,137.80442435394968,140.61675954484662,140.61675954484662,9399911
2020-11-16,140.06676107347218,142.89639261031002,138.65194530505326,141.4815768418911,141.4815768418911,4479591
2020-11-17,140.09073154134578,142.92084733005984,138.67567364698874,141.5057894357028,141.5057894357028,6203916
2020-11-18,141.50659172145754,144.36531074613345,140.0772322091196,142.9359512337955,142.9359512337955,7026988
2020-11-19,141.6103954101645,144.47121147905673,140.1799873757184,143.04080344461062,143.04080344461062,8426263
2020-11-20,140.83612527915923,143.68129952722305,139.41353815512733,142.25871240319114,142.25871240319114,3366610
2020-11-23,142.29237865384022,145.16697216199861,140.85508189976102,143.72967540791942,143.72967540791942,5180303
2020-11-24,142.82793713065388,145.71335000198025,141.38523069499072,144.27064356631706,144.27064356631706,5684346
2020-11-25,141.88906126673288,144.7555069488891,140.45583842565478,143.322284107811,143.322284107811,1458298
2020-11-26,141.74243522422748,144.60591876411084,140.31069345428577,143.17417699416916,143.17417699416916,2047343
2020-11-27,140.95475613120388,143.8023269621373,139.53097071573717,142.3785415466706,142.3785415466706,6719720
2020-11-30,139.69262800294416,142.51470129593292,138.28159135644978,141.10366464943854,141.10366464943854,9493836
2020-12-01,140.59046054082052,143.43067186487752,139.17035487879204,142.01056620284902,142.01056620284902,5620650
2020-12-02,142.40807595656818,145.2850067839736,140.96961054286547,143.8465413702709,143.8465413702709,2755692
2020-12-03,141.1311976093811,143.9823329146211,139.70562995676107,142.5567652620011,142.5567652620011,2730228
2020-12-04,141.6892625487034,144.55167189312166,140.2580578764943,143.12046722091253,143.12046722091253,2946793
2020-12-07,141.11203967513708,143.96278795140248,139.6866655370044,142.53741381326978,142.53741381326978,2569123
2020-12-08,140.68778092637965,143.52995831883177,139.26669223015358,142.1088696226057,142.1088696226057,7115518
2020-12-09,140.16504745077094,142.99666457098851,138.74923889066213,141.58085601087973,141.58085601087973,8393979
2020-12-10,139.388245427731,142.2041695777862,137.98028335270342,140.7962075027586,140.7962075027586,9437482
2020-12-11,139.46506414171046,142.28254018497734,138.05632612007702,140.8738021633439,140.8738021633439,2622572
2020-12-14,138.7191703965946,141.52157787935406,137.31796665521483,140.12037413797432,140.12037413797432,4220281
2020-12-15,139.0036010703015,141.8117546272773,137.59952429181362,140.4076778487894,140.4076778487894,3689784
2020-12-16,138.98803379583683,141.7958728624194,137.58411426254554,140.3919533291281,140.3919533291281,9175602
2020-12-17,138.79593553255455,141.5998938261415,137.39395638576107,140.19791467934803,140.19791467934803,1709662
2020-12-18,137.97837272139958,140.76581459455917,136.58465178481978,139.37209365797938,139.37209365797938,7863382
2020-12-21,137.47025358961554,140.2474304298098,136.08166516951843,138.85884200971267,138.85884200971267,6321129
2020-12-22,138.20832200134205,141.0004093145005,136.81227834476286,139.60436565792128,139.60436565792128,9859060
2020-12-23,138.7083396023539,141.51052828118932,137.3072452629362,140.1094339417716,140.1094339417716,6672605
2020-12-24,137.82530232026167,140.60965186208514,136.43312754934993,139.2174770911734,139.2174770911734,3592670
2020-12-25,137.94965249581423,140.73651416239636,136.5562216625232,139.3430833291053,139.3430833291053,5810833
2020-12-28,138.6839752215679,141.48567169069048,137.2831269870066,140.0848234561292,140.0848234561292,7703459
2020-12-29,137.15373847188476,139.92452106727637,135.76834717418896,138.53912976958057,138.53912976958057,7417665
2020-12-30,137.69345989401182,140.47514595247674,136.3026168647794,139.08430292324428,139.08430292324428,1442061
2020-12-31,137.10502907180333,139.8748276389105,135.72012978824978,138.4899283553569,138.4899283553569,4761675
